{
	"system" : {
		"platform" : "windows64",
		"os_name" : "Windows 10",
		"os_version" : "10.0"
	},
	"error" : {
		"executable" : "quartus",
		"comment" : "none",
		"error_message" : "Access Violation at 0X00000000745C2492",
		"source_file" : "unknown",
		"line" : "0",
		"stack_trace" : "\t 0x745c2491: QtGui4 + 0x3a2491 (?currentSubWindow@QMdiArea@@QEBAPEAVQMdiSubWindow@@XZ + 0x81)\n\t 0x745c15bc: QtGui4 + 0x3a15bc (??_FQMdiArea@@QEAAXXZ + 0x62c)\n\t 0x745c3314: QtGui4 + 0x3a3314 (?eventFilter@QMdiArea@@MEAA_NPEAVQObject@@PEAVQEvent@@@Z + 0xb4)\n\t 0x768af742: QtCore4 + 0x10f742 (?sendThroughApplicationEventFilters@QCoreApplicationPrivate@@QEAA_NPEAVQObject@@PEAVQEvent@@@Z + 0x92)\n\t 0x74242dbd: QtGui4 + 0x22dbd (?notify_helper@QApplicationPrivate@@QEAA_NPEAVQObject@@PEAVQEvent@@@Z + 0x1d)\n\t 0x74242b2f: QtGui4 + 0x22b2f (?notify@QApplication@@UEAA_NPEAVQObject@@PEAVQEvent@@@Z + 0x17bf)\n\t 0x768ad92b: QtCore4 + 0x10d92b (?notifyInternal@QCoreApplication@@AEAA_NPEAVQObject@@PEAVQEvent@@@Z + 0x7b)\n\t 0x74246398: QtGui4 + 0x26398 (?setActiveWindow@QApplication@@SAXPEAVQWidget@@@Z + 0x278)\n\t 0x742a6891: QtGui4 + 0x86891 (?winFocus@QApplication@@QEAAXPEAVQWidget@@_N@Z + 0x31)\n\t 0x742a765f: QtGui4 + 0x8765f (?winMouseButtonUp@QApplication@@SAXXZ + 0xd0f)\n\t0x7ff9c4ff1c4b: USER32 + 0x11c4b (CallWindowProcW + 0x43b)\n\t0x7ff9c4ff179b: USER32 + 0x1179b (EnumChildWindows + 0x19b)\n\t0x7ff9c5004c0c: USER32 + 0x24c0c (IsIconic + 0x1bc)\n\t0x7ff9c6887f83: ntdll + 0xa7f83 (KiUserCallbackDispatcher + 0x23)\n\t0x7ff9c46413b3: win32u + 0x13b3 (NtUserPeekMessage + 0x13)\n\t0x7ff9c4ff9f0e: USER32 + 0x19f0e (PeekMessageW + 0x1ce)\n\t0x7ff9c4ff9e79: USER32 + 0x19e79 (PeekMessageW + 0x139)\n\t 0x768d2663: QtCore4 + 0x132663 (?processEvents@QEventDispatcherWin32@@UEAA_NV?$QFlags@W4ProcessEventsFlag@QEventLoop@@@@@Z + 0x243)\n\t 0x742a0eb4: QtGui4 + 0x80eb4 (?openPopup@QApplicationPrivate@@QEAAXPEAVQWidget@@@Z + 0x204)\n\t 0x768aa88b: QtCore4 + 0x10a88b (?exec@QEventLoop@@QEAAHV?$QFlags@W4ProcessEventsFlag@QEventLoop@@@@@Z + 0x22b)\n\t 0x74643660: QtGui4 + 0x423660 (?exec@QDialog@@QEAAHXZ + 0xf0)\n\t0x7ff94a81b22a: GCL_AFCQ + 0xab22a (?internal_error_display@AFCQ_MSG_DISPLAY@@UEAAXV?$basic_string@DU?$char_traits@D@std@@V?$allocator@D@2@@std@@@Z + 0x27a)\n\t0x7ff97e5bd963: CCL_MSG + 0x1d963 (?internal_error@MSG_REPORT@@UEAAXAEBV?$basic_string@DU?$char_traits@D@std@@V?$allocator@D@2@@std@@@Z + 0xe3)\n\t0x7ff97e5d7c87: CCL_MSG + 0x37c87 (?finalize@MSG_ERROR_INFO@@QEAAXXZ + 0x87)\n\t0x7ff97e5d87dd: CCL_MSG + 0x387dd (?report_fatal@MSG_INTERNAL_ERROR@@SAXPEBDPEAX@Z + 0x15d)\n\t0x7ff9b9bd44f0: CCL_ERR + 0x44f0 (?err_report_fatal_exception@@YAXPEBDPEAX@Z + 0x70)\n\t0x7ff9b9bd4379: CCL_ERR + 0x4379 (?err_handle_fatal_exception@@YAJPEAU_EXCEPTION_POINTERS@@@Z + 0xb9)\n\t0x7ff9c42763c0: KERNELBASE + 0x1463c0 (UnhandledExceptionFilter + 0x1f0)\n\t0x7ff9c68bc071: ntdll + 0xdc071 (LdrResolveDelayLoadsFromDll + 0x1041)\n\t0x7ff9c6887eef: ntdll + 0xa7eef (KiUserApcDispatcher + 0x9f)\n\t0x7ff9c6888fce: ntdll + 0xa8fce (__chkstk + 0x12e)\n\t0x7ff9c6815e99: ntdll + 0x35e99 (RtlRestoreContext + 0x8a9)\n\t0x7ff9c6887fdd: ntdll + 0xa7fdd (KiUserExceptionDispatcher + 0x2d)\n\t 0x745c2491: QtGui4 + 0x3a2491 (?currentSubWindow@QMdiArea@@QEBAPEAVQMdiSubWindow@@XZ + 0x81)\n\t 0x745c15bc: QtGui4 + 0x3a15bc (??_FQMdiArea@@QEAAXXZ + 0x62c)\n\t 0x745c3314: QtGui4 + 0x3a3314 (?eventFilter@QMdiArea@@MEAA_NPEAVQObject@@PEAVQEvent@@@Z + 0xb4)\n\t 0x768af742: QtCore4 + 0x10f742 (?sendThroughApplicationEventFilters@QCoreApplicationPrivate@@QEAA_NPEAVQObject@@PEAVQEvent@@@Z + 0x92)\n\t 0x74242dbd: QtGui4 + 0x22dbd (?notify_helper@QApplicationPrivate@@QEAA_NPEAVQObject@@PEAVQEvent@@@Z + 0x1d)\n\t 0x74242b2f: QtGui4 + 0x22b2f (?notify@QApplication@@UEAA_NPEAVQObject@@PEAVQEvent@@@Z + 0x17bf)\n\t 0x768ad92b: QtCore4 + 0x10d92b (?notifyInternal@QCoreApplication@@AEAA_NPEAVQObject@@PEAVQEvent@@@Z + 0x7b)\n\t 0x74246398: QtGui4 + 0x26398 (?setActiveWindow@QApplication@@SAXPEAVQWidget@@@Z + 0x278)\n\t 0x742a6891: QtGui4 + 0x86891 (?winFocus@QApplication@@QEAAXPEAVQWidget@@_N@Z + 0x31)\n\t 0x742a765f: QtGui4 + 0x8765f (?winMouseButtonUp@QApplication@@SAXXZ + 0xd0f)\n\t0x7ff9c4ff1c4b: USER32 + 0x11c4b (CallWindowProcW + 0x43b)\n\t0x7ff9c4ff179b: USER32 + 0x1179b (EnumChildWindows + 0x19b)\n\t0x7ff9c5004c0c: USER32 + 0x24c0c (IsIconic + 0x1bc)\n\t0x7ff9c6887f83: ntdll + 0xa7f83 (KiUserCallbackDispatcher + 0x23)\n\t0x7ff9c4641dd3: win32u + 0x1dd3 (NtUserShowWindow + 0x13)\n\t 0x742ba0f6: QtGui4 + 0x9a0f6 (?show_sys@QWidgetPrivate@@QEAAXXZ + 0x186)\n\t 0x742908ce: QtGui4 + 0x708ce (?show_helper@QWidgetPrivate@@QEAAXXZ + 0x22e)\n\t 0x7428f478: QtGui4 + 0x6f478 (?setVisible@QWidget@@UEAAX_N@Z + 0x308)\n\t 0x7464432d: QtGui4 + 0x42432d (?setVisible@QDialog@@UEAAX_N@Z + 0xcd)\n\t 0x74643611: QtGui4 + 0x423611 (?exec@QDialog@@QEAAHXZ + 0xa1)\n\t0x7ff94a81b22a: GCL_AFCQ + 0xab22a (?internal_error_display@AFCQ_MSG_DISPLAY@@UEAAXV?$basic_string@DU?$char_traits@D@std@@V?$allocator@D@2@@std@@@Z + 0x27a)\n\t0x7ff97e5bd963: CCL_MSG + 0x1d963 (?internal_error@MSG_REPORT@@UEAAXAEBV?$basic_string@DU?$char_traits@D@std@@V?$allocator@D@2@@std@@@Z + 0xe3)\n\t0x7ff97e5d7c87: CCL_MSG + 0x37c87 (?finalize@MSG_ERROR_INFO@@QEAAXXZ + 0x87)\n\t0x7ff97e5d87dd: CCL_MSG + 0x387dd (?report_fatal@MSG_INTERNAL_ERROR@@SAXPEBDPEAX@Z + 0x15d)\n\t0x7ff9b9bd44f0: CCL_ERR + 0x44f0 (?err_report_fatal_exception@@YAXPEBDPEAX@Z + 0x70)\n\t0x7ff9b9bd4379: CCL_ERR + 0x4379 (?err_handle_fatal_exception@@YAJPEAU_EXCEPTION_POINTERS@@@Z + 0xb9)\n\t0x7ff9c42763c0: KERNELBASE + 0x1463c0 (UnhandledExceptionFilter + 0x1f0)\n\t0x7ff9c68bc071: ntdll + 0xdc071 (LdrResolveDelayLoadsFromDll + 0x1041)\n\t0x7ff9c6887eef: ntdll + 0xa7eef (KiUserApcDispatcher + 0x9f)\n\t0x7ff9c6888fce: ntdll + 0xa8fce (__chkstk + 0x12e)\n\t0x7ff9c6815e99: ntdll + 0x35e99 (RtlRestoreContext + 0x8a9)\n\t0x7ff9c6887fdd: ntdll + 0xa7fdd (KiUserExceptionDispatcher + 0x2d)\n\t 0x745c8afc: QtGui4 + 0x3a8afc (?subWindowList@QMdiArea@@QEBA?AV?$QList@PEAVQMdiSubWindow@@@@W4WindowOrder@1@@Z + 0x2bc)\n\t 0x745c6085: QtGui4 + 0x3a6085 (?qt_metacast@QMdiArea@@UEAAPEAXPEBD@Z + 0x3e5)\n\t 0x745c7210: QtGui4 + 0x3a7210 (?resizeEvent@QMdiArea@@MEAAXPEAVQResizeEvent@@@Z + 0x240)\n\t 0x74280bcd: QtGui4 + 0x60bcd (?event@QWidget@@MEAA_NPEAVQEvent@@@Z + 0x50d)\n\t 0x745a2676: QtGui4 + 0x382676 (?event@QFrame@@MEAA_NPEAVQEvent@@@Z + 0x36)\n\t 0x768af802: QtCore4 + 0x10f802 (?sendThroughObjectEventFilters@QCoreApplicationPrivate@@QEAA_NPEAVQObject@@PEAVQEvent@@@Z + 0x82)\n\t 0x74242e81: QtGui4 + 0x22e81 (?notify_helper@QApplicationPrivate@@QEAA_NPEAVQObject@@PEAVQEvent@@@Z + 0xe1)\n\t 0x74242b2f: QtGui4 + 0x22b2f (?notify@QApplication@@UEAA_NPEAVQObject@@PEAVQEvent@@@Z + 0x17bf)\n\t 0x768ad92b: QtCore4 + 0x10d92b (?notifyInternal@QCoreApplication@@AEAA_NPEAVQObject@@PEAVQEvent@@@Z + 0x7b)\n\t 0x742b89b6: QtGui4 + 0x989b6 (?setGeometry_sys@QWidgetPrivate@@QEAAXHHHH_N@Z + 0xa76)\n\t 0x7428c270: QtGui4 + 0x6c270 (?setGeometry@QWidget@@QEAAXAEBVQRect@@@Z + 0xb0)\n\t 0x746140f0: QtGui4 + 0x3f40f0 (?layoutChildren@QAbstractScrollAreaPrivate@@QEAAXXZ + 0x5e0)\n\t 0x745c98c7: QtGui4 + 0x3a98c7 (?currentPlatform@QApplicationPrivate@@SAIXZ + 0x917)\n\t 0x745c8fff: QtGui4 + 0x3a8fff (?currentPlatform@QApplicationPrivate@@SAIXZ + 0x4f)\n\t 0x745c9b0a: QtGui4 + 0x3a9b0a (?viewportEvent@QMdiArea@@MEAA_NPEAVQEvent@@@Z + 0x17a)\n\t 0x768af802: QtCore4 + 0x10f802 (?sendThroughObjectEventFilters@QCoreApplicationPrivate@@QEAA_NPEAVQObject@@PEAVQEvent@@@Z + 0x82)\n\t 0x74242e81: QtGui4 + 0x22e81 (?notify_helper@QApplicationPrivate@@QEAA_NPEAVQObject@@PEAVQEvent@@@Z + 0xe1)\n\t 0x74242b2f: QtGui4 + 0x22b2f (?notify@QApplication@@UEAA_NPEAVQObject@@PEAVQEvent@@@Z + 0x17bf)\n\t 0x768ad92b: QtCore4 + 0x10d92b (?notifyInternal@QCoreApplication@@AEAA_NPEAVQObject@@PEAVQEvent@@@Z + 0x7b)\n\t 0x745cb511: QtGui4 + 0x3ab511 (?closeEvent@QMdiSubWindow@@MEAAXPEAVQCloseEvent@@@Z + 0xa1)\n\t0x7ff962a4e5a2: SYS_QUI + 0x3e5a2 (?closeEvent@QUI_MDI_SUB_WND@@MEAAXPEAVQCloseEvent@@@Z + 0x182)\n\t 0x74280be1: QtGui4 + 0x60be1 (?event@QWidget@@MEAA_NPEAVQEvent@@@Z + 0x521)\n\t 0x74242e95: QtGui4 + 0x22e95 (?notify_helper@QApplicationPrivate@@QEAA_NPEAVQObject@@PEAVQEvent@@@Z + 0xf5)\n\t 0x74242b2f: QtGui4 + 0x22b2f (?notify@QApplication@@UEAA_NPEAVQObject@@PEAVQEvent@@@Z + 0x17bf)\n\t 0x768ad92b: QtCore4 + 0x10d92b (?notifyInternal@QCoreApplication@@AEAA_NPEAVQObject@@PEAVQEvent@@@Z + 0x7b)\n\t 0x7427e260: Qt",
		"subsystem" : "unknown"
	},
	"quartus" : {
		"quartus_bits" : "64",
		"version" : "17.1.0",
		"build" : "590",
		"edition" : "Lite Edition"
	}
}